object1,object2,time
"[1.67520960e+09 4.40581793e+04 6.83912300e+06 1.00000000e+00
 8.20066272e+05 2.90514760e+05 6.78356071e+06]","[1.67520960e+09 4.40393832e+04 6.84142700e+06 1.00000000e+00
 8.18609312e+05 2.93016474e+05 6.78595193e+06]",1675247400
